Method,Job,AnalyzeLaunchVariance,EvaluateOverhead,MaxAbsoluteError,MaxRelativeError,MinInvokeCount,MinIterationTime,OutlierMode,Affinity,EnvironmentVariables,Jit,LargeAddressAware,Platform,PowerPlanMode,Runtime,AllowVeryLargeObjects,Concurrent,CpuGroups,Force,HeapAffinitizeMask,HeapCount,NoAffinitize,RetainVm,Server,Arguments,BuildConfiguration,Clock,EngineFactory,NuGetReferences,Toolchain,IsMutator,InvocationCount,IterationCount,IterationTime,LaunchCount,MaxIterationCount,MaxWarmupIterationCount,MemoryRandomization,MinIterationCount,MinWarmupIterationCount,RunStrategy,UnrollFactor,WarmupCount,Mean,Error,StdDev,Ratio,Gen0,Allocated,Alloc Ratio
'Context creation (baseline)',Job-ERDHQH,False,Default,Default,Default,Default,Default,Default,000000000000000000000000,Empty,RyuJit,Default,Arm64,8c5e7fda-e8bf-4a96-9a85-a6e23a8c635c,.NET 10.0,False,True,False,True,Default,Default,False,False,False,Default,Default,Default,Default,Default,Default,Default,Default,5,Default,Default,Default,Default,Default,Default,Default,Default,16,3,295.475 ns,2.6459 ns,0.4095 ns,1.000,0.0467,392 B,1.00
'Context + ContextItems usage',Job-ERDHQH,False,Default,Default,Default,Default,Default,Default,000000000000000000000000,Empty,RyuJit,Default,Arm64,8c5e7fda-e8bf-4a96-9a85-a6e23a8c635c,.NET 10.0,False,True,False,True,Default,Default,False,False,False,Default,Default,Default,Default,Default,Default,Default,Default,5,Default,Default,Default,Default,Default,Default,Default,Default,16,3,327.477 ns,6.1686 ns,0.9546 ns,1.108,0.0753,632 B,1.61
'Typed context wrapper creation',Job-ERDHQH,False,Default,Default,Default,Default,Default,Default,000000000000000000000000,Empty,RyuJit,Default,Arm64,8c5e7fda-e8bf-4a96-9a85-a6e23a8c635c,.NET 10.0,False,True,False,True,Default,Default,False,False,False,Default,Default,Default,Default,Default,Default,Default,Default,5,Default,Default,Default,Default,Default,Default,Default,Default,16,3,4.134 ns,0.0297 ns,0.0046 ns,0.014,0.0029,24 B,0.06
'HandlingResults - single result',Job-ERDHQH,False,Default,Default,Default,Default,Default,Default,000000000000000000000000,Empty,RyuJit,Default,Arm64,8c5e7fda-e8bf-4a96-9a85-a6e23a8c635c,.NET 10.0,False,True,False,True,Default,Default,False,False,False,Default,Default,Default,Default,Default,Default,Default,Default,5,Default,Default,Default,Default,Default,Default,Default,Default,16,3,4.259 ns,0.0434 ns,0.0113 ns,0.014,0.0076,64 B,0.16
'HandlingResults - multiple results',Job-ERDHQH,False,Default,Default,Default,Default,Default,Default,000000000000000000000000,Empty,RyuJit,Default,Arm64,8c5e7fda-e8bf-4a96-9a85-a6e23a8c635c,.NET 10.0,False,True,False,True,Default,Default,False,False,False,Default,Default,Default,Default,Default,Default,Default,Default,5,Default,Default,Default,Default,Default,Default,Default,Default,16,3,60.287 ns,0.5800 ns,0.1506 ns,0.204,0.0401,336 B,0.86
'HandlingResults with failure check',Job-ERDHQH,False,Default,Default,Default,Default,Default,Default,000000000000000000000000,Empty,RyuJit,Default,Arm64,8c5e7fda-e8bf-4a96-9a85-a6e23a8c635c,.NET 10.0,False,True,False,True,Default,Default,False,False,False,Default,Default,Default,Default,Default,Default,Default,Default,5,Default,Default,Default,Default,Default,Default,Default,Default,16,3,58.836 ns,0.6904 ns,0.1793 ns,0.199,0.0468,392 B,1.00
'ContextItems - no usage (empty)',Job-ERDHQH,False,Default,Default,Default,Default,Default,Default,000000000000000000000000,Empty,RyuJit,Default,Arm64,8c5e7fda-e8bf-4a96-9a85-a6e23a8c635c,.NET 10.0,False,True,False,True,Default,Default,False,False,False,Default,Default,Default,Default,Default,Default,Default,Default,5,Default,Default,Default,Default,Default,Default,Default,Default,16,3,2.604 ns,0.0503 ns,0.0131 ns,0.009,0.0029,24 B,0.06
'ContextItems - add and retrieve',Job-ERDHQH,False,Default,Default,Default,Default,Default,Default,000000000000000000000000,Empty,RyuJit,Default,Arm64,8c5e7fda-e8bf-4a96-9a85-a6e23a8c635c,.NET 10.0,False,True,False,True,Default,Default,False,False,False,Default,Default,Default,Default,Default,Default,Default,Default,5,Default,Default,Default,Default,Default,Default,Default,Default,16,3,50.947 ns,0.9284 ns,0.2411 ns,0.172,0.0315,264 B,0.67
'Full message processing simulation',Job-ERDHQH,False,Default,Default,Default,Default,Default,Default,000000000000000000000000,Empty,RyuJit,Default,Arm64,8c5e7fda-e8bf-4a96-9a85-a6e23a8c635c,.NET 10.0,False,True,False,True,Default,Default,False,False,False,Default,Default,Default,Default,Default,Default,Default,Default,5,Default,Default,Default,Default,Default,Default,Default,Default,16,3,342.573 ns,12.8273 ns,1.9850 ns,1.159,0.0753,632 B,1.61
